/santehnikis-riga /santehnikis 301
/elektrikis-riga /elektrikis 301
/apkure-riga /apkure 301
/apdare-riga /apdare 301
/brugis-riga /brugis 301
/pamati-riga /pamati 301
